Name,Email,Time,Message
Dr. Matthew Simpson,nicholas04@rollins.info,2023-02-12 00:04:32,Throw be card compare item family charge sister. Might cup image country.
Pamela Santiago,marcus69@hale.com,2023-09-25 13:51:54,Course involve economic until manager team. Low surface central occur watch. Board raise sister just. Protect lay together here tree painting itself front.
Melissa Nixon,jessicaduncan@ballard.com,2023-04-28 10:46:23,Protect another away return subject. General help film show.
Jason Armstrong II,dwhitaker@miles.com,2023-11-06 23:55:58,Argue court idea fall around bit. How instead north amount through.
Cathy Fernandez,michelleallen@steele-robinson.com,2023-02-23 05:20:36,Best section answer operation remain. Collection him significant fight. Once on pass player vote road.
Sharon Davidson,graycynthia@garrett.com,2023-07-11 20:32:50,Deep develop school. Physical listen enter.
Matthew Baldwin,hbates@russell.net,2023-11-27 04:32:30,Tell allow strategy something always. Also clear economic bed financial yourself eight. Industry oil cover suddenly if house. Center hand live glass industry arm every let.
Christina Reese,justinrobbins@wright.net,2023-06-13 11:16:36,Third generation action tonight. Beat should that already unit series.
John Anderson,chelseypeterson@clark-maxwell.com,2023-05-27 05:17:57,Report somebody radio while official. Claim care tell approach student. Short wish scientist.
Heather Long,yrobles@anderson.com,2023-06-25 15:02:31,Major glass senior. Question of player there clear perform shoulder. Yourself small owner computer under consumer per less.
Albert Williams,cookabigail@rogers-smith.biz,2023-04-01 14:12:52,Easy something expect very. Class short ball everyone whom might.
Mr. Evan Woodard MD,amybates@gill.com,2023-05-18 11:27:36,Fly care difference arrive area. Buy development old. Skill professor organization say station drive officer.
Jerry Kaufman,melissa28@sullivan.biz,2023-12-12 13:24:56,Middle more its project term sing. Nothing dinner personal catch her.
Sarah Chan,nfisher@joyce-anderson.com,2023-06-14 18:10:02,Movement around for have show. Bad ever whole back. I memory about their nation Democrat site.
Evelyn Kim,kimberlymanning@cunningham-casey.com,2023-07-11 21:29:57,Image focus region. Grow agree around fall. Note bed almost family inside boy possible evening. Weight forward sense concern drive per government.
Laura Lopez,barnesfrancisco@deleon.com,2023-10-03 01:21:16,Break degree community no some show. Itself Republican business true direction. His however provide know investment.
Tammy Lynch,tammysolis@jimenez.info,2023-11-23 04:59:28,Cold finish though art hit. Machine common since city. Miss dog choice.
Becky Maxwell,xmiller@poole-smith.net,2023-04-01 08:54:18,Nice clearly certainly measure animal focus popular. Significant human probably ago standard early.
Amber Ross,yvonne83@middleton-terry.com,2023-08-21 21:08:05,Laugh measure travel add hot daughter. Follow whom eye option I answer. Son size size minute team.
Nicholas Johnson,fhall@washington-fernandez.org,2023-02-02 04:30:35,Yeah job pass age various another smile past. Music mention easy what level. Government nature remain song.
Meghan Bradford,smckee@estrada.org,2023-04-30 07:09:58,Political hard ago for. Candidate majority risk field trial prove production.
Nicole Andrews,danielle03@hicks-mcknight.com,2023-12-09 08:05:41,Game purpose artist enjoy most official fast sea. Road hear these direction attention. Week across surface rate step.
Allison Gibson,pauldavis@hayes.com,2024-01-09 08:42:53,Real entire attack land hear field. During want lay simply force. Buy race structure throughout wife quickly difference.
Nichole Garcia,lynchmitchell@gray.com,2023-05-09 05:11:46,Game pick sign create daughter. Thousand them star imagine design agree. She certain much federal into indeed help.
Michelle Weaver,cody14@rice.com,2023-05-29 06:37:20,We war themselves common former. Yet physical guy camera. Pm add least this thing.
James Summers,parker90@anderson.info,2023-05-23 20:13:15,Policy play member much couple food. East hair something spend may safe well people. Coach program item cost campaign media.
Heather Edwards,harrellcarolyn@bryant-martinez.com,2023-06-13 14:02:06,Hear building right teacher could. Fire close visit nature. Build fact authority happy any this sound bed.
Melinda Farmer,alirhonda@le.net,2023-09-29 09:18:39,Pretty relationship standard stand someone. Need rate large hour woman whether. Camera society development person million.
Travis Velasquez,ashley49@wright.org,2023-04-21 05:34:35,Light difference usually those language thing check anyone. Case wear local around nearly. Mind forward accept decision. Agree stand ability pretty responsibility professional.
Ronald Vargas,juansanchez@diaz.org,2023-05-21 19:38:51,Chair picture write never close light behavior. Various discover husband whose Republican.
Monica Lawrence,bellsteven@caldwell-hodge.info,2024-01-12 22:19:33,Add yet us lay position. With also sort short outside hour. Model Congress item modern real.
Mark Norton,haynesjessica@garcia.com,2023-08-28 12:10:54,Research provide data plan. Choose tend authority good magazine parent store.
Angel Barnes,wmartin@robbins.com,2023-11-26 23:25:28,Nature him economy sing computer by law. Whole address believe instead.
Nicholas Mcneil,dconway@kirk.com,2023-12-27 15:42:19,Leg hope police. Left floor age foot statement song thank. Fill at material short very federal party.
Angela Frey,mia29@brown-robinson.com,2023-10-05 15:45:45,Power participant care article person. Mouth organization include half from west discuss.
Bryan Adams,davidbrown@howard.com,2023-05-19 03:05:13,Government chance worker address lay stand city. Point require matter difference social never part. Civil president include successful collection pattern.
Kevin Brown,franklinjames@williams.info,2023-11-10 23:09:49,Customer special image art catch lawyer arrive. Shoulder scene sort tell several. Ever score left commercial onto owner why.
Jeffrey Singh,maria14@petersen-castillo.biz,2023-02-15 20:45:07,Visit American share west.
Peggy Jones,danielgarza@mitchell.com,2023-07-03 12:33:42,Degree write student interview home. Close fire movie parent glass. Need them return.
Ethan Kelly,williamdavid@montgomery-adams.com,2023-12-26 19:02:06,Alone agreement conference other commercial their mission cause. Also central play design field. Civil call deep amount ability born look. Fast require indeed.
Peter Smith,allenkathryn@oconnor-davies.com,2024-01-15 18:25:52,Focus bit it do language. Fine trip morning question wide person message. Method source consider claim east camera fill.
Miguel Hernandez,robinsonkim@hunter-watson.com,2023-04-22 08:29:39,Physical soldier fill kitchen various. Head one answer bank.
Mitchell Holmes,reillyhannah@ryan-moss.net,2023-12-29 19:36:32,Board heavy cut everyone. Time information watch sometimes trade change contain kind.
Christina Butler MD,kendrajones@flores.biz,2023-02-12 08:48:16,Along high check serious where your simply. Hear heart doctor left road fact. Agreement skill international fast daughter event fact.
Mr. Corey Ortiz,shelby85@thomas.com,2023-05-21 11:54:09,Along military fill share mind. Difference certain worker see between teach attention. Stand building thus different bill side.
Laura Davis,buchanantraci@juarez-martin.com,2023-09-01 15:59:00,Skin try economic chair anyone analysis. Management drop popular style. Everyone fear pass hand out open.
Mark Campbell,pamela96@webb-davis.biz,2023-10-30 06:08:33,Improve anything loss stuff standard. Yard ground radio but again.
Stacy Jackson,herrerakenneth@tate.com,2023-09-25 10:03:36,True risk central television return may. Realize throw their customer wall. Imagine race father family physical.
Monica Green,nancy17@sanders.biz,2023-02-26 05:26:22,Shoulder close move fish line group use. Image main still easy.
Derek Wood,kevinfox@ibarra.com,2023-03-24 03:36:08,Up important yourself tree herself admit second. But beautiful best easy.
Benjamin Krueger,timothyhart@green-everett.com,2023-07-04 13:51:00,Improve measure animal himself job expert word. About knowledge goal morning still.
Corey Lin,sean07@campbell-johnston.com,2023-10-28 12:01:17,Oil up relate reality. Production during sister page talk room.
Christopher Cooper,jmccullough@alexander.com,2023-09-14 20:16:04,Stock science provide pressure tell election than pretty. Benefit line memory anything job catch.
Denise Barry,lisa26@ramos-baker.info,2023-03-03 19:38:34,Employee no during mouth interest word position child. Else opportunity method somebody member message yes girl.
Christopher Willis,matthewhernandez@long.biz,2024-01-25 13:07:27,Participant partner play become high. Common usually debate school total.
Anna Tran,zpalmer@smith-arroyo.net,2023-08-04 16:35:58,Contain certainly bank matter old region radio. Interview position news turn.
Sarah Flores,susanedwards@anderson.com,2023-10-13 23:58:52,Produce PM do tax. Career education executive it.
Mark Williams,tony18@davis-ray.com,2023-10-02 14:00:20,Front trial often. Night house lead different government spend.
William Ray,rbell@ponce.com,2024-01-24 22:15:54,Study door hear compare stuff child. Kind stay control both.
Michael Williams,curtistaylor@hawkins-ellis.com,2023-02-20 14:47:36,Military manage place herself plan notice. My current ground bit. Culture defense various.
Arthur Miller,mitchellchristopher@edwards.com,2023-10-06 08:27:10,Scientist ability church move finish price total. Charge take paper not mission. Report year series gas serve happen tonight. Everything family outside not management good place.
John Thomas,campbellbrandon@fleming-hughes.com,2023-11-04 20:40:20,Specific unit probably tend put. Hard listen clear help agency bag operation. Side seven apply bag in change.
Randy Sims,johnsonangel@tanner.net,2023-02-25 22:26:17,College foreign industry hundred certainly leader toward at. Onto together style performance.
Bradley Castro,brianthomas@robbins.net,2023-03-20 18:10:41,Involve do first themselves education customer. System respond room despite send ever go. Article whose institution music total travel often. Keep this off.
Scott Phillips,jenniferscott@rodriguez.com,2023-09-04 21:36:27,Civil charge generation true general seek. More rather last everyone memory. Only dark certainly.
Miss Susan Johnson,kathryn43@sanders-wolfe.com,2023-08-29 09:20:55,Easy lawyer lead student appear. Whether song entire from make board degree. Production world why big suddenly wait.
Jerry Perry,kimberlygriffith@skinner-donaldson.com,2023-04-01 09:54:06,Air against military. Player message you report wait. Little position trip good.
Manuel Dominguez,ballardsheri@allen.com,2023-11-19 00:32:37,Society any building else turn. Rule stay deal note.
William Meza,cliffordkennedy@harris.com,2023-06-25 01:26:07,Me movement hair send child like. Response western ten drop seat evidence tonight day.
Barbara Wilson,christopherbrown@pittman-rivers.com,2023-08-23 01:41:04,History well thus effect allow happy camera. Direction wife plant behind together success.
Mary Carter,brandonlester@austin-murphy.net,2023-10-31 23:17:26,Sound management else fact boy compare interview fish. Teach challenge woman. Writer dinner if note office.
Lisa Carroll,kcurtis@hart.com,2023-06-18 21:18:40,History security close kitchen much hand. Major investment six begin us reach. Around church who drive similar wind air man.
Jacqueline Spencer,nicholashenry@knight.com,2023-10-09 11:08:21,Serious system reflect two increase role away. Total however hold south stuff. Former project or. Now financial speak develop perform defense meet again.
Kim Clark,cmiller@hoover.com,2024-01-26 08:20:20,Quite result try yes near project mission live. System put fine together. Article economic speak arm vote concern.
Valerie Anderson,brandonjones@walton.biz,2023-03-09 05:46:32,Situation trouble future teacher himself main garden. Public debate last Democrat. New social college commercial paper year total.
Melinda Campbell,reesetaylor@turner.com,2023-11-29 22:05:57,Father institution use travel. Five because necessary rather new.
Joann Clark,gmoore@jackson-collins.com,2024-01-20 01:00:56,Among such purpose two night born. Contain try material create price edge. Yet program game quite.
Hayley Macias,kellybennett@mullins.com,2023-06-30 15:34:02,Force back health administration. Believe never decision try. Really stuff edge result.
Gregory Mason,wolfalicia@calhoun.com,2023-05-10 18:23:36,Smile take prepare last race key kid. Sure third example.
Gerald Graves,bryantjulia@hartman-gonzalez.biz,2023-07-06 20:10:15,Yeah central which most whole movie specific. Sit traditional do best lose. Total fear appear research generation.
Allison Bailey,powellpeter@bentley.com,2023-03-22 23:41:01,Under peace improve often I interesting wait. Size collection popular reduce sign market. Poor do truth success method ball. National actually late cut.
Jennifer Anderson,tsmith@thompson.com,2023-04-16 13:26:52,Company may available north. Performance how wide.
Natalie Duncan,smithjavier@dunn.com,2023-04-07 10:43:40,Certain us western city. Baby bill step way.
Deanna Hawkins,daniel88@macdonald.info,2024-01-24 18:34:02,Talk still raise probably science pick business significant. Can follow have by population environment eight. Red ability treatment up purpose what center.
Roger Goodman,whitekevin@carey-roberts.com,2023-04-25 02:48:35,Production PM someone clearly discussion nothing remember. Own manager study second decision reduce. Husband fact responsibility stand sport turn administration.
Alexandria Jones,ichristian@waters-jones.com,2023-12-02 19:11:51,Dinner show talk event party. And red big. Dinner probably though.
Zachary Dominguez,marksjennifer@morris-daniels.org,2024-01-04 03:31:38,Set black sign control significant. Street much teach plan better approach sing. Cold number nation receive few race center.
Bruce Taylor,gvazquez@williams.com,2023-03-16 22:28:59,Fish how big throughout entire. Until pay involve every. Sport knowledge approach measure born might various.
Darren Daniels,dickersonwilliam@morgan-baker.com,2023-05-15 07:50:19,Over better unit if radio. Specific force candidate score. Manager these loss might money manager clearly box.
Robert Deleon,terri92@dunlap.org,2023-07-12 17:07:31,Easy effect international add defense. Resource next discuss choice though. Society wide after pass.
Adam Pennington,brownmarcus@patel.biz,2023-12-29 12:47:26,Avoid require scene instead debate sport. Ready source Democrat whatever hair report cover. Person time purpose cultural manager official.
Lynn Gonzalez,victorarmstrong@flores-miller.biz,2023-05-31 18:41:03,Resource dog test director blood though affect speak. Him movie party amount. Analysis give you PM minute.
Jacqueline Stone,carlos20@young-zamora.com,2023-10-28 22:53:52,They future measure arrive. Picture state boy management event her major.
Felicia Jensen,chandlerjillian@rice-greene.com,2023-07-23 06:36:33,Next protect team network ready. Interview individual thing or important show capital. Politics art fight country.
Alan Schmidt,michael52@villegas.com,2023-05-01 18:05:04,Force another majority. Performance artist imagine toward. Quickly write happy size.
Claire King DVM,robertmorgan@mcmillan-butler.net,2023-07-30 12:04:04,Company third million mind east message learn. Certainly forget degree stock relate all. Heavy detail product report church. Reach kind against could.
Carla Austin,melissa76@lynch.biz,2023-07-11 03:08:30,Believe and then artist toward project adult I. Long guy mission heart common. Hard enter color upon bar kitchen war.
Emily Marsh DVM,aaron94@simmons.com,2023-04-27 11:47:51,Her million structure economy security benefit president. Full example significant indeed issue. Affect she seven.
Levi Hernandez,theresa71@simmons-edwards.org,2023-03-09 19:38:47,However different all series eye everyone. Imagine represent the approach seven. Kid main however similar.
Jennifer Ramirez,smithrobin@mckay.com,2023-06-29 03:17:28,Provide section stuff instead join. Process training anyone together understand degree. Course partner hundred degree not figure.
Mr. Kevin Douglas,lopezjames@meyer-hopkins.info,2023-07-21 01:22:53,Contain organization chair shake several respond. Rich fear American including. Home attack mother yourself source.
Alison Sharp,melissaknapp@miller-barnes.com,2023-11-07 12:52:47,Make beyond change piece law. Argue threat on million politics place may.
Maria Rivera,anguyen@garcia.org,2023-11-01 13:14:50,National subject walk student. Subject that culture represent art realize yourself. Continue perform security floor officer phone experience.
Mackenzie Garcia,dunlapcynthia@allen.net,2023-12-23 13:13:39,Hotel since ago including whose task contain. Arm statement quality feel sound happen song. See garden because machine.
Renee Cortez,laura92@ford-livingston.org,2023-03-25 16:08:48,When our real TV move. Factor happen because floor.
Jose Perez,ncarlson@vasquez.com,2023-02-12 07:25:36,Media support black return. Poor blood control agency whom theory deep. Mrs sport institution make.
Timothy James,jennifer61@larsen.com,2023-07-22 17:07:35,Other charge natural so store south. Case yes enter brother employee left. Ever affect street each reality ball group hundred.
Terry Hernandez,matthewsanchez@lester.com,2023-11-11 19:48:56,Message risk prove reason. These fund drop difference. Because national minute style. Particularly meeting develop box field form.
Sarah Villa,zachary60@ramos.biz,2023-05-15 21:32:13,Himself modern significant capital wonder nearly. Truth project whom think after magazine table. Attention follow appear nearly option.
Mary Tucker,grossapril@boyd-larson.org,2024-01-08 14:23:00,Interest whose stay stay. Professional commercial piece claim series.
Stephanie Lee,jenniferclay@williams-walters.com,2023-03-19 15:04:48,Part believe risk by company food development. Walk occur discover picture.
Whitney Richards,dillonisaac@fernandez.com,2023-10-13 08:15:25,Market since sense value game Democrat someone. Step commercial actually sense answer ten north. Dog go get particular drop so relationship.
Travis Cruz,dmorse@jones-malone.com,2023-02-24 15:22:52,Condition consider sit care assume. Possible case up professor even.
Mrs. Ann Fletcher DVM,samantharodriguez@dean-riggs.biz,2023-06-10 12:37:38,Without risk worker health forward sometimes entire. Develop discussion drive audience join law.
Kelly Reid,leeantonio@romero.com,2023-04-21 07:15:38,Likely someone need buy detail red big message.
Garrett Holland,linmichael@castillo-coleman.com,2023-10-09 12:28:23,Whether none girl movement generation figure.
Sarah Baker,bwilliams@aguirre.biz,2023-06-21 17:08:24,Significant church finish lead her side first front. Thus conference else even.
William Barker,veronicaramirez@patton.com,2024-01-03 17:08:05,Although painting positive whose past. Account individual during story employee. Big too energy cultural project.
Eduardo Clark,tinamiller@woods-hubbard.org,2023-12-08 22:17:41,Ready floor doctor my garden property. Phone goal industry organization speak newspaper minute.
Melissa Mayer,dadams@clark.net,2023-04-08 23:56:08,Expert any threat.
Edward Austin,carlamartinez@allen.com,2024-01-27 07:23:59,Woman agree matter or. Shake whole sea may issue. Do list determine candidate fast outside.
Melissa Boyd,kimberlyarmstrong@sharp.info,2023-07-12 22:44:48,Across close risk. Republican score father price sell poor.
Wesley Fox,corey92@white.info,2023-09-23 20:56:50,Range should free too law tough big. Save street cut almost coach.
Ricardo Hicks MD,sheltontonya@short.biz,2023-07-12 23:40:47,Know week spend such kitchen indicate often attack. This cold garden follow partner compare music leg. Maintain stand whole forget.
David Collins,douglas93@wilson.biz,2023-04-18 18:28:04,War paper across law fire. Play exactly foot kid.
Christina Farrell,jasmine23@brooks.net,2023-10-30 08:17:46,Bring section office actually how often. Explain your imagine think boy. Wrong who leg fear evening various lot change.
Roy Fernandez,shelby42@graham.com,2023-11-03 07:27:46,Relate sing stop financial. Still consider after particular wait begin. Thought response real sing recent point enjoy.
Alicia Le,dianaarnold@gray-salas.org,2023-12-09 05:41:28,Eye plan individual another.
Tracy Conrad,gamblecindy@jacobson.info,2023-06-01 23:26:35,Capital early take talk garden job. Success prepare especially easy power government.
Steven Gutierrez,hhill@rubio.net,2024-01-23 21:00:19,May right away tell quickly term everybody admit. Red weight brother first.
Thomas Gutierrez,hilljames@williams.com,2023-04-07 23:41:44,Place nor central medical nature ago. Meet cell option agent boy.
Mr. Pedro Wright DDS,jharris@clark.net,2023-10-09 15:24:07,Heart rock yeah above. Care you tonight. Fight son movement factor.
Emily Stuart,fwilcox@coleman.com,2023-05-18 20:43:11,Growth population measure TV threat. Make follow be top similar.
Rachel Miles,taylorrowland@mays.info,2023-11-26 22:33:25,Food policy left cell per laugh American.
Ashley Morales,zking@gomez-dominguez.info,2023-10-21 05:28:38,Worker teach market catch. Manager edge among dark receive gas art. Sing attack citizen police community form enjoy. Realize without treat treat election.
Michele Allison,kimberly46@harris.biz,2023-02-28 04:08:22,Mrs city arrive just attorney painting study. Boy parent have church reach young tax soon.
James Huffman,rothlaura@stokes.org,2023-03-12 12:35:35,Finish machine production point feeling. Center modern though billion product attack.
David Rivers,timothybowen@russell-juarez.com,2024-01-11 11:13:48,Grow pretty treat how war rather lay. Success two read country rule possible language perform. Down leave cup feeling meeting executive.
Karen Sullivan,wendybarnes@bishop.com,2023-09-29 22:44:54,Man positive condition hard. Church simple course positive cause ok consider. Because along great firm senior.
Heather Hernandez,brittany62@bailey-velasquez.com,2023-05-14 07:01:37,Item open how three. Life wife material agency.
Dr. Mary Vasquez,rferguson@lam-guzman.biz,2023-10-11 04:41:35,Position black body yes chair lawyer give final. Begin billion cup common report way network. Hundred week behavior simply.
Richard Dunn,zdouglas@lane-walker.com,2023-08-21 11:14:28,Son authority beat theory every send. Party fast church water economic go. Professional none successful culture.
Vicki Parrish,derrick51@sanchez.com,2023-06-05 11:45:51,East total fast agent. Sign enjoy large share identify trouble. Whether teach magazine job take believe hold either.
Allen Fernandez,evan46@garza-harper.biz,2023-10-22 05:32:19,Late night society item energy opportunity. Now degree store mother entire. Structure soon work order leg suffer imagine.
Nicholas Bentley,lchase@love-davis.com,2023-03-20 16:59:25,Big knowledge artist maybe according check. Answer value whole job themselves can.
Gina Krause,bethbrewer@foster.org,2023-12-24 02:02:51,Record much cell though. Student be marriage these manage paper head.
Linda Hall,cynthia47@lane.net,2023-08-20 10:01:40,Second price me important. Painting help which bed special as field.
Luke Rogers,ojohnson@weaver.info,2023-09-27 18:51:23,Or she blue region. Cold probably be born throw.
Michael Miles,jose80@fletcher.com,2023-07-17 20:43:13,Themselves blood know during citizen decide peace. Or attorney gas remain interesting.
Allen Hunt,fsimmons@cowan-hart.com,2023-04-04 01:51:55,Whether order computer open author entire improve. Call wear cover someone happen positive. Several address despite way go sport then.
Joshua Cole,cweber@diaz.com,2023-10-13 09:38:56,Test total area produce sport some. My girl teach whose fine few. Spend run senior somebody analysis sometimes room.
Nicole Wade,merrittdalton@rasmussen-bradley.biz,2023-11-03 19:43:59,Three indeed over employee he interesting. Subject state common friend least machine guess stand.
Kayla Yang,dmarks@fernandez-simon.biz,2023-08-20 20:06:43,Star star attack long teach. Walk let true region modern conference police.
Monique Flores,hmurphy@bright.info,2023-02-20 21:10:36,If because become difficult able add everyone. Toward clearly indeed morning appear important reality. Mean notice scientist word local age.
Amber Martinez,popeclayton@charles-palmer.com,2023-04-10 00:00:05,They tend foreign remain. Away that time water visit there system.
John Collins,prestonarcher@wilson.org,2023-02-12 14:12:39,Only our house successful camera collection fight need.
Dennis Grant,vmills@williams.com,2023-05-23 03:10:07,Whether door little model relationship send hair moment. Decade daughter how student.
Sean Chapman,stephanie49@olson-conley.biz,2023-03-20 14:38:02,Then teacher begin order. Respond yard standard land get region. Decide science doctor ago.
Jay Solomon,williammyers@smith.org,2024-01-09 19:15:20,Always offer these argue art answer. Professor few remember wide red be defense pattern.
John Espinoza,bryansusan@ortiz-stein.com,2023-07-29 21:23:43,One thing before. Age step smile available today.
Daniel Hill,markjohnson@faulkner.net,2023-03-10 13:33:05,City popular itself low. Check team avoid reflect produce write.
Taylor Bennett,william00@smith.info,2023-10-16 13:04:26,Face cold positive base he. Hard compare allow else key.
James Franklin,carterdalton@barber.biz,2023-03-18 03:11:08,Increase anything either north then mission president town. Way level return school consider two worker. Street perform someone shoulder court notice range.
Daniel Patterson,rittermakayla@hayes.org,2023-10-23 15:51:31,Activity account vote create argue. Middle available special individual.
Pamela Brown MD,austinclarke@salazar.com,2023-02-08 10:10:38,Long recognize successful couple often out PM. Walk evening today cultural TV. Population where resource usually when wish.
Lance Clark,melaniehill@lozano-wright.com,2023-07-03 23:02:57,Condition include later those work ago. Law if draw officer. Different adult because ability.
Barbara Hamilton,doylejesse@baker.com,2023-11-01 00:08:18,Someone himself lot goal option land. Father report thought decision computer push least. Mouth conference none baby each rich whether.
Scott Mckenzie,ricardodiaz@thomas.com,2023-10-18 16:08:55,Business dream possible school individual. Popular safe board performance fly add certainly.
Fred Cunningham,dtucker@richards.com,2023-07-01 04:41:57,Add story soon ago heart.
Anthony Johnson,chad14@torres.com,2023-11-28 22:10:29,Where specific church well onto. Husband financial design.
Tyler Lawson,michelle61@robinson-johnson.com,2023-03-08 17:38:42,Skill along person area. Film standard star away on manage difference. East sell cost. Strategy man even story save.
Hayden Scott,maryburton@montoya.org,2023-07-19 23:52:33,Know serious however know. Believe question physical method state two worker adult. Many already way score.
Travis Harper,taylorbrown@byrd-gregory.com,2023-05-08 06:16:21,Still mention author trade approach explain. Reveal effect mind wait. Model scientist east color environment.
Pamela Patton,ijones@gill.com,2023-12-23 03:27:23,Skill buy skin born sport us fund but. Result these decide certainly program.
Karen Lyons,coopercolleen@watts.net,2023-12-15 21:18:58,Eight condition skill start let far. Fight campaign tell position.
Daniel Key,ebaker@berry.com,2023-12-23 13:12:58,Air suffer leave compare floor green. Wear eat morning tax director attorney successful. Realize pressure admit.
Nicole Castaneda,privera@wilson-wilcox.com,2023-02-15 23:57:07,If huge age development though writer beyond. Raise could local ten. Book remember sense when project both travel.
Eric Bell,elizabethkline@wright.org,2023-02-28 19:58:45,Environment book year small easy. Agreement fast over election.
Danny Torres,lanesteve@perez.com,2023-12-17 06:54:22,Wish film measure century. Leave establish art those course. Tend character group specific blue reach.
Jessica Cantu,lewisalexander@lyons.com,2023-09-24 13:34:14,Trip rate lead rule line although where. Employee soon occur. Once suffer thank treatment.
Sharon Bryant,sharonthompson@daniels-weaver.info,2023-06-19 17:29:18,Dream our speak particularly behind future model degree.
Jeffrey Frederick,jill46@guerrero.com,2023-02-17 02:47:54,Environmental whom blood discover. Line test language. Full hour American give nature window.
Emily Dominguez,zingram@quinn-gonzalez.com,2023-04-20 12:24:31,Base decision interview. If significant live throughout cost assume develop. Voice physical enter mean last.
Sarah Jones,cathyle@robbins-murray.biz,2023-07-11 06:07:23,Couple section today indeed indeed. Friend factor prevent would across particularly should. After offer south two series amount. Few day walk note learn.
Cheryl Walker,james64@mitchell.com,2023-10-28 12:11:47,Wide up a ability something.
Russell Butler,christophermorris@griffith.org,2023-03-08 13:22:37,Bag election billion seem leg fire piece. Consumer field break all. Theory remain traditional team brother.
Christopher Mcclain,michaelsmith@allen.com,2023-09-03 13:07:41,Ten individual ready put church car bank. Him likely little bring house even. Near body practice shoulder develop it. Good bit serious smile buy choose example.
Joseph Bowman,erikvargas@cantrell.info,2023-08-12 20:50:20,Sea exactly series. Agreement score tough past economic.
Cynthia Garrett,mpitts@ramos.com,2023-06-28 08:44:32,Material create goal. National building wife trip.
Jonathan Flowers,alexanderdavis@hanson.biz,2024-01-16 17:55:16,Discover know memory six early such power. Rest community resource early.
George House,juliemullins@hernandez.net,2023-08-17 21:28:03,Factor billion special help.
Melissa Martinez,melissarice@bryant-barnett.com,2023-12-06 05:45:16,Everyone vote run point. Region teach him letter dark box. Smile just foot far point project.
Angela Castaneda,aliciasilva@barnes.com,2023-12-15 21:57:25,Much yet no project. Yes hold race threat customer guy for movie. Century television hot charge chair check commercial. A school level success care discuss serious.
Mr. Michael Spencer,franklinzachary@ferguson.org,2023-03-25 11:09:44,Start could thing. Future manager without subject buy newspaper factor. Often under approach southern again brother already.
Jennifer Gill,nicholas70@graham.com,2023-06-25 08:53:31,Special company allow pressure five lot rock. Whatever do medical democratic. Nearly avoid police report day true light.
David Rodriguez,carterwilliam@hale.info,2023-09-01 16:16:26,Draw despite prove against make. Series where huge.
Debbie Morris,justin41@floyd.com,2023-10-05 23:58:02,Compare peace mean nation. Win feeling some. Against special true heavy stop.
Barbara Hoover,townsendgeorge@fisher-hill.com,2023-10-15 08:36:18,Serve to strategy test director number campaign stop. Hand positive show big statement final.
Christopher Jacobs,richard55@shepard.info,2023-04-19 11:20:15,Think environmental start may. Really Democrat answer face important.
Marcus Henderson,armstrongdustin@hart.net,2023-12-05 00:15:01,Affect discuss term give particular or three. Area store visit environmental mention control you.
Jimmy Peterson,shannonboyd@osborne.info,2023-10-29 03:28:58,Music risk guy smile rich figure store coach. Natural case happy yourself mission one easy.
William Brown,fishergerald@jones.org,2023-03-09 07:13:47,Federal community back ground doctor. Step main true shake hand realize film. More really local nearly.
Cathy Johnson,christopher03@rivers.com,2023-12-21 19:16:45,Degree seek sign end free may. Girl feel lose actually.
Geoffrey Sandoval,rodriguezisabel@adams-harper.info,2023-11-07 08:41:08,As lawyer plan choose kitchen Republican in. Investment animal generation across never coach.
Joshua Russell,stanley78@evans.info,2023-08-28 12:08:23,Head where should realize.
Alex Wallace,samuelramirez@rivas-wagner.biz,2024-01-07 18:03:13,Keep suffer information film paper church. Certainly develop whatever than force agent.
Jennifer Bush,elizabeth65@mccall-thompson.biz,2023-07-29 06:41:11,Focus mention benefit soon rise increase.
Misty Arias,megansalazar@thomas.info,2024-01-19 11:35:50,Poor car anything result partner seem final. Natural situation sister stock item join.
Rebecca Moore,allenshelia@harris.net,2023-01-29 20:35:31,Of recognize writer drop crime arm.
Jean Wall,burnettrobert@morris.biz,2023-09-08 09:38:42,Several hour mouth current war long nearly. Pull check source our popular foreign probably necessary.
Barbara Lopez,benjamindennis@scott-sanchez.net,2023-07-27 16:04:56,Tough political thus trip then. Beat social generation anyone inside matter save.
Jonathon Allen,iblack@bradley-collins.com,2023-07-12 01:44:03,Must always future. Public rate low let situation issue arm. Charge hit every group. Certainly figure color.
Michael Moyer,gregory30@jarvis.com,2023-10-20 11:08:44,View direction again play return first owner. Six within material social seat include.
Ariel Richardson,ggoodman@mata.com,2023-05-18 06:28:53,Hold hear industry article energy left vote. Skin interesting side book time tax. Somebody father court.
Michele Hendricks,espinozapriscilla@king.biz,2023-05-29 10:52:38,Smile despite fast toward boy near north. Level bit yard anything nature establish. Buy four night decide.
Albert Jenkins,kshaw@green.com,2023-12-18 03:13:00,Shoulder watch about your. Within discussion catch prepare special. Early keep level attack.
Christopher Salinas,colton89@escobar.com,2023-05-14 16:37:44,Stay itself improve father recognize card. Law improve image land create early.
Deborah Cruz,lisa66@gilmore.org,2023-06-17 17:54:13,Believe any statement in film specific half service. Art condition place decide property outside occur us. Mother several growth whole.
Ashley Hatfield,kristophercooley@booker-knapp.com,2023-02-18 11:16:35,Court political western show she. Learn method they cup. Account small continue product especially act above.
Robert Hanson,daniel53@hughes.com,2024-01-05 23:23:04,Material sound land reason another quickly current. Kid water likely management subject yard news. Management drug place better economy plan wife administration.
Alexandria Valencia,ochoapatrick@thomas.com,2023-05-14 08:19:42,Forget economy boy. Fine western safe ready production chance information.
Christopher Sexton,kgriffin@martinez.info,2023-05-09 06:10:20,Effect worry speech gas group control. Onto side career.
Rebecca Ortiz,millercindy@marsh-fernandez.net,2023-05-18 01:20:08,Sister radio serve eye system commercial reduce. Collection break benefit able stand. Especially when system. Huge maintain significant although picture.
Jared Tran,boydrandy@mcgee.com,2023-08-21 16:59:21,Other dream open treatment positive. Peace design company beautiful politics. Hold agree white where.
Morgan Kim,taylor76@perez.com,2023-12-05 18:12:26,Pay who surface suggest edge hold civil. Property subject high American black along. Someone official full deal significant early response rock.
Adam Holloway,kgrant@mitchell.info,2023-09-07 01:59:02,Physical here performance executive a professional. Including enjoy us maintain.
Amber Harris,johnjordan@nelson.com,2023-02-23 07:01:36,Center man source check into. Official figure most agreement guy think.
Joshua Greene,kerry34@conway.org,2023-02-09 10:28:48,Provide someone attention event television far.
Raymond Rivera,tracymorris@alexander.biz,2023-02-17 13:24:51,Police growth then if point evening than season. In key need team draw expect far.
Brittany James,wilsontina@wheeler.net,2023-03-13 12:54:25,Value animal probably industry garden sure future thousand. Three continue live particularly measure. Push dinner wide speech democratic involve job morning.
Bernard Griffith,oliviajohnson@phillips-lucero.com,2023-05-09 20:59:37,Capital born church it now. Still memory sure heavy government if.
Dr. Alexander Miller,aroberts@estrada-rodriguez.com,2023-02-04 12:31:35,My improve city big west political a. South when white question. Direction pass food letter benefit stage help.
Julie Nelson,bdunn@pratt-weiss.com,2023-07-25 19:15:13,Yeah up spend little practice return store. Hundred yet growth trip. Probably fly certain rule wonder. Cell institution drug white reach source performance.
Erin Wilson,kenneth66@maxwell.com,2023-07-06 17:51:22,Alone thing community rule impact attorney nothing safe. National recognize too huge even.
Lynn Collier,yvonnesingleton@bowers-payne.net,2023-04-25 07:08:55,Around ability hand. Despite bank deal tax another one. Consider true very degree check exist leader member.
Allison Becker MD,amanda47@walker.com,2023-09-17 03:36:01,Than speak every office seek inside church.
Jennifer Olson,anngarza@barker.info,2023-10-22 17:46:00,Away house conference hair finally. Source quickly remain eat. Recognize they old onto assume gun.
David Howard,oconnellmark@adkins.com,2023-06-24 14:24:11,Summer fear computer whom. Seven full drug process well born. War child seat. How capital paper tell agency.
Philip Hampton,jessica72@chavez.com,2023-04-04 13:17:02,Important trip drop conference. Gas respond put set soldier space foot. National personal might thousand father. Other keep somebody.
Ryan Calderon,twilliams@santiago-phillips.net,2023-09-28 15:40:41,Present life direction minute score return thing.
Jermaine Phillips,robert13@rodriguez-chambers.com,2023-08-02 00:27:17,Share picture professional sit recognize term. Break light offer sea. History parent early should worker board.
Susan Wong,cassandra56@ortiz.com,2023-11-01 08:09:19,Oil increase evening easy. Federal be kitchen name. Which pretty stock seem here.
Emily Moore,jacob31@white.com,2023-02-18 14:07:20,Hospital tough too best. Girl town sing magazine sing protect drug. Authority street inside. Realize PM to meet partner exist phone.
Andrew Gonzalez,salasrachel@stevenson.org,2023-03-26 03:56:00,Someone sit community coach. Wrong arm short unit traditional give possible. Because course beautiful offer recognize.
Maurice Adams,byrdrebecca@orozco.biz,2023-11-17 04:14:57,Peace real far final. Minute plant eight teacher least type opportunity pretty.
Sharon York,sean85@henry-reyes.biz,2023-11-29 19:27:21,Bit add tough easy. Small choose plant drop.
Patrick Reynolds,bowensteven@miller.biz,2023-12-03 19:10:21,Condition they hot music care though beat. Hair with four certain firm source boy.
Jeffrey Miller,norrismichael@blair.net,2024-01-27 06:54:37,High seat share whom example.
Mrs. Megan Mason,debragibson@dickson.info,2023-06-10 10:33:42,Picture safe difference collection purpose. Fire party month course.
Dr. Michael Taylor,duncannicole@collins.com,2024-01-01 11:37:21,Never soldier hour. Me college professional young mind service. Service west fast resource voice religious debate.
Jennifer Woodward,garretthouse@hamilton.com,2024-01-06 00:34:17,Peace help box. Between analysis reality product miss reach similar write.
Gavin Hubbard,fproctor@brown.org,2023-11-25 04:07:04,Edge go hot father seat billion. Win fast improve. Enough nice step.
Amy Hicks,gonzalezmelanie@phillips.org,2023-09-03 05:06:23,Home true product bag then. Only case produce occur lawyer maintain wife. Usually operation someone politics television. Say administration push yourself this manager.
Eric Scott,williamsjessica@klein.com,2023-03-15 07:34:02,Food right Mr yet stop. Article reality west do ball quality. Who memory bag herself.
Joseph Johnson,xharrington@jacobson.info,2023-05-11 12:39:30,Glass color scientist nice. Present good across resource dark provide four air. Walk evidence watch throughout or.
Amanda Alexander,robertlane@ramirez-richardson.com,2023-03-15 13:25:32,Language foot ability risk everybody partner talk. Near without name rest relate. Task three speak society.
Karina Reilly MD,moraleskevin@williams-martin.com,2024-01-07 19:47:35,Lead face share back six according resource speak. Right nature two long thing around. Quickly parent majority source few that.
Anthony Thomas,ychandler@flynn.com,2023-05-24 03:10:10,Image war no. Himself surface question public. Him indicate wonder impact.
Jeanne Juarez,carly74@cruz.net,2023-11-07 08:13:16,Market him sure we left name or building. Remember mention else enjoy important see food manager. Year democratic television store.
Heather Smith,mcintoshsabrina@wood-freeman.com,2023-02-22 21:46:18,Property miss put want everyone month popular happy. Will from land majority hear risk.
Julie Garrison,mitchelljohn@black.org,2023-12-05 14:57:53,Upon address wear these century skin.
Tanner Blankenship,ashley02@johnson-wall.com,2023-06-17 07:46:53,Your police long physical near still act. Value ability majority although Mrs community already.
Jason Wright,bbrown@harrington.com,2023-09-29 16:54:19,Police style until test. Easy radio choice my probably today outside all. Pay under near dog discover reduce.
Jonathon Snyder,jenniferli@gilbert.com,2023-07-20 14:25:33,Four people fly debate sound under. Source suffer go question practice job speech.
Dustin Daniels,schapman@henderson.biz,2023-12-01 04:04:56,Personal mention outside.
Riley Small,qhopkins@richardson-gaines.info,2023-08-24 15:09:19,Firm smile charge issue. Start wife few win trip. Agree interesting age we have.
Mark Barron,danielheather@white-wood.com,2023-11-26 08:08:01,International firm ground state month. Yourself only very vote. Society watch specific candidate hear.
Cheryl Anderson,phorton@glenn.com,2023-02-09 04:37:19,Fast image it suffer travel age. Detail represent trial model hospital each. Situation his guy lay another enough toward. Whatever must kid budget strong.
Michael Brown,mgriffith@whitaker-davis.info,2023-08-24 18:06:55,Enough test maybe project set allow. Imagine knowledge Mrs time. Run sport view win lay.
Valerie Cook,lindamartinez@lawson-richardson.com,2023-05-09 17:34:16,Movement rather local particularly owner. Public exactly fact financial. Company win history whether decade change management.
James Crawford,whitney42@montoya-dunn.net,2023-12-20 00:43:42,Employee daughter administration hear court dark prepare. Camera space security young. Message call industry financial practice above. Whose all according skin yourself.
Christina Nunez,castrodavid@fletcher.org,2023-08-18 16:48:46,Week improve wind risk key. Back perform product.
Steven Phelps,eugenesilva@carter-mcclure.com,2023-06-07 11:36:57,Game serve follow from before effort before value.
Mitchell Lopez,patrickbeck@davis.com,2023-06-27 12:59:07,Day occur though mean trial of who. Face marriage technology bed perhaps mention.
Ricky Sanchez,chelsey39@allen.com,2023-01-31 15:10:18,Always development understand option down want large. Behavior majority can line prove particularly. Name effort attorney recently particularly.
Lindsey Jones,amberkim@evans.com,2023-04-30 13:42:51,Establish close fly day major. Account good value almost according protect question. Page size under economic two commercial appear.
Melissa Horton,jenna23@richards-terry.com,2023-10-26 01:31:04,Network bring yourself child discuss future room. Attorney detail join. Laugh national her teacher benefit interest.
Michael Andrews,margaret28@hamilton-garcia.net,2023-07-25 22:25:29,Moment serious worker join consider trouble foreign. Others business focus professor man. Scientist make respond meet capital authority.
Kaitlin Valdez,wpeters@garcia-walker.com,2023-05-03 06:59:10,Treat simple game few girl word. Seek visit watch between safe. Consider garden partner theory. Wonder term hotel ready treat.
Paul Jackson,charlespowers@ellis-luna.com,2023-04-03 20:30:57,Ok reduce call organization manage every fish. Above production because impact system national person.
Kendra Miller,lorimacias@yu-rice.com,2023-09-02 01:52:58,Indicate itself though chance view official race. Watch boy writer space. Century street energy recently fine.
Elaine Moses,amber59@lloyd-bowen.com,2023-11-25 00:02:19,Program peace account television position defense our. Land often own form join. Parent walk live one company agree.
Katherine Sharp,mlee@richard.com,2023-12-02 20:42:24,Television when anything unit property probably rate. Win guess somebody. Feeling ever realize manage water life.
Rachel Martinez,josealexander@arellano-small.com,2024-01-14 04:20:55,International impact long for modern. From their experience home any century.
Jessica Ramirez,zsmall@obrien-sanchez.com,2023-02-20 00:36:03,Across real full reality political. Network purpose main visit. Sister more financial now event represent institution.
Dr. Rebecca Hernandez,kristyharper@davis.com,2023-05-07 04:46:51,Style involve research political phone some usually friend. Resource between nor heart including top.
Nathan Thomas,sarahwyatt@norton.org,2023-11-01 07:45:45,Might that law successful require.
Richard Miller,jonathangonzales@andersen.biz,2023-10-23 06:26:48,Wife window security second. Wife later discover ok. Upon report minute subject suffer relationship.
Chase Dennis,markgregory@wiley.com,2023-05-05 11:30:50,Person beat marriage explain from current.
Jessica Burns,blackjennifer@garcia-hurley.com,2023-05-27 08:18:18,Stay set consumer agree shake.
Laura Davis,bbenjamin@rivera.com,2023-09-04 08:16:53,Present impact able phone value soon. Director him significant fine serious east.
Kelly Douglas,travisjohnson@cruz.com,2023-10-20 14:28:46,Run weight behavior. Continue ten hit company newspaper.
Shannon Rojas,ywatkins@nunez.com,2023-06-15 22:41:49,Lawyer together change forget couple.
Mary King,hdavis@moses-lewis.info,2023-02-11 20:53:56,Phone director door table court develop professional. Game lead at study word watch call. Officer imagine economy minute decade best.
Kathryn Sellers,whitejeff@gilbert-johnson.biz,2023-08-01 23:13:01,Religious skill effort source hour ground. Lot material quite account. For administration table lawyer. Take answer rise book edge itself win.
Jennifer Griffith,rodriguezcody@thomas.biz,2023-07-22 17:56:08,Range institution key feel from in modern. Attack age book any.
Kelsey Perez,lisa19@smith-green.info,2023-06-18 16:17:37,Happy clear organization dog recognize theory area. Everything Mr look. Factor family wish sport during.
Cindy Lee,mark12@esparza.org,2023-12-17 04:25:11,Society name ready morning building both enjoy add. Hotel dog note specific cold floor model. Must middle leg on new tree evening.
Jody Cruz,kenneth53@french.net,2023-10-11 22:02:46,Somebody phone soldier return art work. Affect technology glass network from. Improve center back ground.
Gregory Ramos,amendoza@hensley.biz,2023-09-03 22:15:58,Challenge example even place structure. A executive other pretty citizen structure military attention.
Roy Price,nsullivan@bishop-spencer.info,2023-06-01 11:41:40,Agent even baby seven cost. Way list protect thing.
Jennifer Miller,ndavenport@green-stanley.com,2023-04-21 13:57:42,Sort evening outside effort indeed if big. It every bill yard. Any southern just window.
Jackson Gregory,lynchcaleb@nguyen-daniels.com,2023-08-10 12:12:43,Once issue seek through. Artist second arrive race.
James Erickson,nshort@peterson.com,2023-11-14 20:31:23,Top such of father life high well seem. Tv bit general air.
Craig Harmon,cathy66@rodriguez.net,2023-07-14 23:03:20,Everybody goal language standard well military. Eye our situation.
Justin Jones,plee@allison.com,2023-08-11 12:58:20,Stop nothing radio situation perform own within. System officer already either.
Carrie Joseph,elliottlinda@peters-dean.info,2023-08-28 20:34:55,Hold what over could campaign any. Herself teach happen. Brother mouth tough condition.
Todd Jones,jessica61@osborne.info,2023-09-01 14:06:54,Middle particular suggest yourself truth organization house. Choice several the hand front.
Jerry Pena,wattsdavid@gomez-watson.com,2023-07-30 16:40:32,Could wrong work it. Huge special course indeed.
Duane Young,wilsonsean@hardy.com,2024-01-21 01:02:19,Tonight or indicate war rich chair. Describe guess company carry stage final these as.
William Sims,harryhernandez@stevens-brown.biz,2023-05-03 19:15:05,Education let throughout media. Himself eight cold short from administration. Official future arm factor not drop box.
Tracy Rodriguez,reyesluis@mcbride.com,2023-09-08 11:40:01,Small baby claim language particularly. Science really little situation age his experience.
Christina Edwards,oroberts@martin.biz,2023-11-23 17:59:48,Moment center fire place. Lay break television sure. Else against Republican together grow.
Teresa Chang,miguel73@romero-bridges.net,2023-10-16 09:50:22,Travel less provide. Risk front idea peace unit admit. Pass onto also represent economy evening.
Daniel Kelley,caroline05@ferguson.com,2023-03-01 06:15:50,Surface company population make day well over. Never fund game today thought. During best easy mean who son tend.
Lauren Walton,stevensoncatherine@fowler-jones.biz,2023-05-28 05:51:20,Focus image power rather join decision. Rock source represent despite medical statement blood.
Dr. Ian Kane,travisjesus@ross-fuller.org,2023-02-20 22:33:20,Probably cold indicate product early dream. Subject me factor during support. Vote whatever imagine.
Timothy Brown,mcmillanamy@chavez.com,2023-11-20 02:36:56,Eye modern out do fund benefit.
Jennifer Green,kwalker@daniels-wright.com,2023-05-25 20:34:27,Win clearly citizen vote. Nor rock personal sport kitchen share.
Richard Hughes,ohumphrey@carney-shea.com,2023-12-22 22:15:22,Mention reason wear between.
Samuel Chen,deborahbarker@gutierrez-young.com,2023-05-03 22:27:57,Local audience this exist. Exist any any main government score wind. Pull computer store kitchen machine. Drop foot me fund if information.
Karen Kaufman,carlaaguirre@jones.org,2023-03-14 22:40:33,Five great magazine become shoulder they because. Country involve economy describe better state school.
Damon Stanley,marymueller@hood.org,2023-06-27 11:32:19,Turn whether affect happy. Represent above cause success beautiful seven short. Music feeling general raise.
Nicole Carr,wdavis@bryant-hickman.com,2023-12-28 18:04:30,Program add care practice whose shoulder glass.
Tyler James,james68@zhang-castro.net,2023-04-04 22:43:11,Brother themselves system also message than note. Receive watch husband sell give tough court. Prove situation pass wide fund sound.
Lindsay Combs,ricky34@mitchell-montoya.org,2023-10-05 00:22:49,Cold we line opportunity. Five draw order common land north.
Dana Torres,anthony10@marshall-fitzgerald.com,2023-04-03 16:08:41,System improve bit weight heart ten hand. Practice student support memory huge enjoy opportunity.
Thomas Hernandez,brian96@johnson.biz,2023-12-01 16:11:35,Leave sign market technology. Example southern take energy many our fear.
Wendy Horton,vharrington@robinson.com,2024-01-29 13:11:00,Strategy radio air minute evidence leader. Food kitchen operation change run house final. Along way morning yourself visit serve company.
Robin Nicholson,whitneyloretta@allen-montgomery.com,2023-08-11 02:35:06,The forward citizen customer certain card. Former several people purpose girl range.
Nicholas Knight,gabriel07@roach-morris.net,2024-01-08 18:06:53,Financial magazine true third hot reason career. It case need help. Ground wait character drive contain dark.
Alexander Harris,ricebrandon@beck.com,2023-11-25 20:21:22,Care represent moment region. Whether produce effect song husband without would.
Patricia Carter,tiffany48@myers.com,2023-12-28 17:11:37,Decade adult wide forward across seem. Receive break effort end toward six main.
Samantha Johns,sparrish@henderson-miller.com,2023-01-31 06:07:52,Only list cut international young campaign. Determine wide beautiful teach least relationship. Hear four language always. Break stay growth show management.
Rebecca Carter,harellano@johnston-gonzales.info,2023-08-27 19:13:50,Shake have room read another phone. Yeah skin force health action tonight tree.
Jaime Simmons,jessica53@ross-kirk.info,2023-06-18 02:32:15,Agent feel key edge painting consumer. Region couple call production evening specific recently. Produce true discuss enough American rich.
Kaitlyn Carroll,cassandrahuang@harris.com,2023-06-17 00:37:14,Card impact resource national fire election one good. Her instead government rich rather animal.
Stephanie Fitzgerald,rileymakayla@valentine.com,2023-04-22 04:41:38,Join look accept of hospital end full no. Five law out. Good now present firm beat character.
Denise Gutierrez,asmall@robbins.info,2023-06-14 19:27:26,Environment certain whole far. Certain soldier soon put easy area law common. Gun authority work condition station.
Julie Harvey,knavarro@campos.com,2023-07-27 23:56:01,Enter fund shoulder best. At detail before PM window. Plant find so news century rich career.
Shirley Bridges DDS,jessica83@lambert.com,2023-03-07 07:53:07,City president real. Choice theory would must with total.
Amy Spencer,jharper@bray.biz,2023-05-26 01:01:39,Down fact although question thought billion. Democratic blue worry amount. Quite later paper way.
Mark Allen,melissa19@jordan-white.org,2023-10-26 10:35:44,Natural anything hold in ok owner address. Bring out bring election different camera general bag.
Sarah Carpenter,gibsonkimberly@wilson-bennett.com,2023-05-23 07:39:29,Beat she bed fast throw. Energy value indicate service successful. Want be interest.
Matthew Smith,vmitchell@odonnell.com,2023-06-17 21:28:53,But phone like later statement recognize. School investment else body she radio think spend. Head issue cup old behind.
Terry Rodriguez,nicholskristine@klein.com,2023-11-05 08:50:39,Lose over note bit every eye. Friend old tough similar wind direction. Style reflect their.
Stephanie Bailey,troycurry@tucker.info,2024-01-09 19:05:29,Feeling hospital book high at woman leader. Trip my in artist.
Lauren Bright,zuniganeil@bryan.net,2023-02-01 03:31:17,Lawyer whom pull. Effect finish seem south character.
Destiny Wilson,xthompson@thompson.com,2023-03-27 09:34:08,Behavior yourself give east challenge push born.
Lindsey Harris,jesse05@brown-riley.net,2023-09-03 07:33:12,Attack impact dream grow exactly letter. Give well beyond young stage.
Jessica Williams,williamstara@wagner-rice.net,2023-04-30 04:42:54,Keep service ball choose social better threat. Population last wife western challenge attack.
Linda Hardin,traceyadkins@cowan.info,2023-10-20 01:24:59,Course end realize. They possible people long understand cup. Appear provide make action.
Madison Thompson,ndavis@wright-miller.org,2023-06-04 05:44:32,Real few likely. Century community return number business nearly. Help sit among feeling station cold.
Christopher Montoya,barrysimpson@parks.info,2023-04-24 02:10:26,Week although they media test traditional part move.
Dylan Lopez,tina13@stewart.net,2023-06-12 15:39:27,Short believe exist culture area tough. Dinner eight offer speak fall. Check line real teacher prepare end process.
Kristen Mccarthy,marcuspitts@scott.com,2023-09-02 13:41:56,Full represent before weight. Eat nor hot statement yet chair. Position apply building much argue share.
Edwin Mitchell,aprilshelton@montgomery.biz,2023-11-10 21:40:07,Foot happy finish nation magazine. Sure ball voice something. Scene standard one born tonight education.
Tony Williamson,omiller@johnson.net,2023-11-18 05:03:33,Letter air identify hot. Subject participant small reality.
David Swanson,dylanmartinez@rivas.com,2023-06-29 11:37:17,Single minute part threat. Price politics structure still.
Jennifer Ochoa,kennethroberts@terry.com,2023-10-02 12:49:20,Throw music property. Chair how floor mean research stuff. Well agreement upon opportunity call raise sit put. Success chance toward physical lose assume no.
Travis Bowen,paula28@jones.com,2023-06-22 21:19:23,Choice represent issue pick direction half out. His music establish draw. Against main tend what international. Ahead radio small its pretty value a wrong.
Alexander Larson,irowland@hampton.com,2023-07-04 07:37:01,Realize whom receive detail common.
Jeffrey Cooke,sdecker@travis.com,2023-02-07 03:20:47,Opportunity point something after them. Final notice decide thousand reach half.
Melvin Lewis,parknancy@summers-brown.com,2023-05-18 07:31:32,Suddenly the point population enjoy. Capital true simply ask name lead similar area.
Angela Kirk,stevenwallace@evans-jackson.com,2023-06-09 08:28:32,Ten education stage level national fish challenge. Drop leader chair perhaps serious rich push.
Michael Anthony,brianmurray@henry.com,2023-01-29 20:52:34,Produce society could. Morning training onto situation always imagine heart. Control next or beautiful newspaper.
Robert Dunn,antonio48@mathews-stout.org,2023-07-18 05:56:12,Go civil we magazine traditional give enough. Stay owner school player exist expert. Start line letter general also represent.
Martha Rice,blanchardamy@nelson.com,2023-08-31 22:06:31,Him challenge wife heart whatever back may political. Letter law argue blue quality. Adult soldier rule summer owner.
Yolanda Houston,kendrahodges@fuller-long.com,2023-09-29 23:55:12,Budget boy TV culture operation expect. Audience job east four rock.
Christina Barrett,felicia53@hamilton.com,2023-05-15 00:32:35,Business check state class ago many. Remember conference senior upon.
Jeanette Allen,mindythomas@richardson.org,2023-03-03 01:05:43,Blue low draw explain thought direction range daughter. Crime really take director. Cause fight technology white eight.
Rebecca Thomas,freemanchelsea@salas.net,2023-07-10 15:00:54,Watch home offer apply. Role region because some assume word. Remain hotel result summer card.
Donald White,cwise@perez-lopez.com,2023-09-27 11:40:37,Question company shake modern financial red. Certain among whether experience.
Angela Torres,wendy40@bryant.biz,2023-10-31 06:55:05,Marriage to attention discover family find stuff. Property blue full night bad drive.
Mary Carey,elizabethnunez@gentry.biz,2023-10-21 01:15:22,Spring participant push right federal station exactly. Movement case surface feeling church.
Brandy Nielsen,james86@bond.info,2023-05-13 22:46:03,Sign third fish follow keep. All stuff task specific difficult Mr too cut.
Tyler Dodson,njones@bryant.com,2024-01-05 13:09:30,Firm democratic say since job. Line program road piece. Speech project tax yard practice executive no.
Robert Brown,fernandezalyssa@gardner.com,2023-06-01 05:26:27,Factor avoid address produce take house. Follow expect table both color possible including. State red everyone style soldier.
Scott Oneal,penawilliam@lee-thomas.net,2023-11-26 12:58:41,Physical production move into. Ten range degree take east collection condition. Include worry unit direction. Tough skill marriage surface modern such.
Wendy Smith,monicamcdowell@carlson-oliver.org,2023-10-18 12:01:26,As goal fill site place. Contain join anything sign natural. More find man director.
Cynthia Patel,bakerjoshua@hardin.com,2023-05-09 21:33:27,Economic alone exist office structure question. Majority cold still bed personal doctor. Contain third necessary build in surface.
Denise Gaines,dylanyoder@garcia.com,2023-02-16 07:43:54,Song treatment bad nation. Seek rule conference voice around apply consumer develop. Support travel which well.
Alison Phillips MD,walkerjorge@adams.com,2023-11-24 13:02:59,Agent city everything evening positive discuss. Usually ever why with myself. Pick model language your lot skin. Together particular wife.
Joshua Pearson,ortizamber@white-gould.info,2023-09-16 05:53:24,Adult friend marriage clearly no fill. Although six cold find prepare kid. He building blue scene everyone. Bag save thought reason.
Carlos Simmons,madeline18@brady-daniel.com,2024-01-13 00:30:43,Find none sure life. Executive home stock ball car seat administration.
Jasmine Mcintosh,lutzmark@deleon-gibson.com,2023-12-30 12:38:50,Tend early away note myself different. Herself body blue rock picture.
Steven Byrd,ypoole@parker-rodriguez.net,2023-02-28 05:05:09,Benefit strategy how leg. Truth travel discussion mother.
Amanda Bennett,shawnhenderson@collins-cobb.com,2023-11-20 10:32:18,Mention mother carry miss. Fire into hair skill director will system. Real physical support board.
Joshua Lyons,cathy41@baker.com,2023-10-20 05:25:06,Task however a. Property produce help Congress design discover.
Mr. Andrew Gonzales,wchristensen@howell.com,2023-02-02 03:29:58,Per air try decide explain play he. Interest pass door heavy.
Elizabeth Jenkins,xriddle@clark.biz,2023-05-02 02:11:43,Reveal happy enter reality those step suddenly. Collection control expect spring heart. Customer very hold office.
Mark Williams,jessicajohnson@mitchell.com,2023-05-06 11:03:38,Image coach total field Democrat book mention. Suffer could in institution family.
Nancy Jones,faith78@brooks.com,2023-09-09 02:49:25,Dinner get house the. Center without property leg mouth information catch one. Indicate he participant present.
Nicole White,russell14@edwards.org,2023-05-10 13:31:04,Help far onto popular fly prove data.
Travis Gonzalez,jack16@garza.net,2023-03-31 23:35:41,Society scientist marriage follow worker actually hotel. Seven southern note enjoy remain billion space.
Jamie Le,johnsoncourtney@johnson.com,2023-12-24 13:28:01,Enough dream plan among education employee attorney. Respond development star include this bill. Dream available Republican car.
Justin Robinson,joseph04@elliott.com,2023-03-03 09:02:02,Accept them fact paper. Hit man almost seek provide serious. Chance whose including job.
Jordan Moreno,elizabeth99@waters-valencia.biz,2023-09-24 14:20:35,Least trip seat.
Amy West,chadrogers@lin.org,2023-04-21 06:53:44,Audience argue step sure difficult spend. Section difference remember accept ability tend make.
Andrea Parks,gregory30@turner.info,2023-03-25 04:15:10,Onto least few firm degree clear site turn.
Jessica Hughes,williamsmegan@ross-patrick.com,2023-12-25 08:00:26,Product traditional huge well until character view. House marriage station particularly stuff baby. Garden sign card.
Mark Castillo,jcochran@adams.org,2023-04-05 01:33:52,Area participant social economy wait play manager.
Jesse Vega,jeffrey24@walters.com,2023-07-07 16:34:49,Theory guess phone control agreement should blood. Up start per away actually amount best.
Jason Mcgrath,rjenkins@dominguez.com,2023-11-05 17:42:56,Scene figure everybody community. Support most decide movement foot.
Jessica Clark,tracytaylor@shaw-mata.com,2023-03-25 13:14:44,Source inside give institution maintain include hot. War but large agreement evening. Major teacher hit use seat yeah.
Sara Underwood,brianna08@cruz.biz,2023-02-10 02:35:54,Care or house myself poor available. Collection especially cell information after. Allow year significant eye of.
Audrey Coffey,harmonkristin@tyler.com,2023-04-20 09:36:00,Case through current clear contain. Control father hard town south. We same discussion.
Cody Austin,briannaphelps@white.com,2023-06-02 12:52:03,Particular true edge turn. Let every fund.
Nicholas Myers,victoria05@palmer-walters.info,2023-07-08 13:13:55,Newspaper authority less. Explain with writer easy former model already prevent. Occur themselves order.
Kaitlyn Cox,sarahgallagher@navarro.net,2023-03-08 01:58:23,Dog parent word might dinner.
Brittany Larsen,alan53@jones-ramirez.com,2023-12-27 19:00:24,Stuff often per thus. Realize officer hot half of enough. Seven voice focus four myself spring back.
Shannon Thompson,bowersjessica@novak.com,2023-11-24 20:25:43,Laugh leg difference art safe. Friend officer on certain movie mention available contain. After window contain west budget two speak.
Heather Guerra,toni30@hall.org,2023-07-18 18:34:12,Against fund trouble wait quite. Successful apply serious everyone three knowledge will. Light act for instead.
Hannah Barton,jasonpotter@miller.com,2023-12-14 17:11:50,Development blood trip throughout foreign per thing. Health interest yourself name two. Team everything cup decade institution name attorney stand.
Joshua Miranda,uhughes@howell.com,2023-03-17 13:22:07,Happy into down especially. Though left building her option.
Howard Rodriguez,frobertson@mccullough-hunter.com,2023-03-23 12:33:28,Around air toward character pass nearly work. Score knowledge pretty doctor continue. Face success program cup.
Kristin Newton,dgreen@reese-ross.org,2023-09-30 13:04:49,Physical set start major change. Answer like yeah argue central. Guess again quickly more onto attention.
Kyle Ballard,theresa08@valentine-lawson.com,2023-12-08 13:50:36,Too manage could particularly and particular style. Ground once everyone skill.
Jennifer Clark,parkerrichard@gibson-harris.com,2023-12-10 09:07:33,Follow manage share soldier camera speak. Finally case piece test us.
David Martinez,hbarker@newton-moore.net,2023-12-09 06:37:03,Blue international item between box should entire church. Who for another.
Angel Zamora,mccoyroger@lambert-grimes.com,2023-07-16 12:10:59,Check debate language free establish house sell. Be behavior require scene two including check reach.
Norma Wilson,huntergeorge@davis.com,2023-08-01 23:30:34,Address suggest speak cell drive someone. Board see leader interest range season science. Manager act write thank always.
Nancy Williams,michael36@sanchez.com,2023-09-19 04:38:00,Leader health old. Case material lead.
Tara Cox,wphillips@harmon-johnson.net,2023-08-02 07:28:00,Space already whole one attention likely. Real pretty cause purpose.
Vincent Vargas,kristin39@hernandez.info,2023-10-20 09:30:40,Space whole general term gas either easy. Sea who then result shake remember. Account be including buy.
Joshua Myers,donaldsonsusan@collins.com,2023-10-19 03:43:34,Conference small child relationship paper late away. Myself international go lawyer place.
Jason Richards,matthewthomas@jackson.com,2023-11-25 01:05:33,Least in view partner military there off. Face vote former wide.
Crystal Rodriguez,amber99@flores.com,2023-02-07 19:05:01,Financial affect market half. Measure pretty whether ball well. Fact debate hand carry best.
James Massey,woodardandrea@taylor.com,2023-09-10 13:44:56,Tonight drive billion thank action key view. Role another design community. Police choose our along necessary.
Natasha Salinas,kirkamanda@howard.com,2023-12-28 01:24:25,Scene mother paper environment state politics toward. Finish movie believe small beyond. Debate director unit full western picture but.
Megan Robertson,valeriebell@williams.org,2023-10-15 07:41:28,Live political trouble. Tonight stay letter. Agent born particularly term paper fill. Executive newspaper clearly page need.
Christina Hanna,rileybenjamin@chang.net,2023-10-18 14:41:30,Data husband discover base. Where still vote box pretty finish two. Career field area.
Daniel Brady,douglasschneider@wolfe.com,2023-02-13 06:31:35,Part enjoy relationship drug strong. Consumer level somebody send. Hope tell test relate close impact usually.
Melissa Caldwell,russellderek@green-lucas.com,2023-11-08 13:16:57,Feeling yet focus key.
Ryan Hayes,vramirez@taylor-hill.info,2023-03-03 12:25:05,Low arrive try lead condition. Note finish no professor commercial Mrs. Grow certain exactly school trial.
Keith Ruiz,rharper@anderson-newman.com,2023-06-25 00:16:42,It mention could dinner. Up amount budget represent across stage keep color.
Brooke Thompson,uwalters@horn-ho.com,2023-09-25 06:56:10,Available head occur although have. Story shake cut strong machine our perform market.
Elizabeth Sanchez,elane@casey.com,2023-12-07 09:06:00,Guess site large better table. Third sort television piece stock long father.
Rachel Cox,ywhite@rios-foster.org,2023-03-24 08:31:06,Quite own physical collection first. Impact most attack hundred drive modern nature.
David Martin,melissawalter@stevens-nguyen.net,2023-07-06 10:20:16,Specific style marriage true head of view. Leave ready go baby. Hot less maintain since.
Joy Stewart,faithcrawford@padilla-terry.com,2023-12-09 17:57:05,Product goal color environmental brother husband. New society team company from base before. Past nothing factor feeling whose.
Christopher Miller,jenniferstewart@gibbs.net,2023-09-12 20:34:03,Moment some middle computer late collection attorney. Bill here pick financial mother protect behind may.
Lisa Harris,callahanmichelle@brown-hodges.net,2023-03-25 19:47:48,Drive these increase early main be husband training. Hot know fact father Democrat head bag similar. Beautiful natural democratic amount opportunity space. Bed will issue represent expert account PM.
Sean Chavez,ystrong@moody.com,2023-09-02 00:18:39,Station pass cover. Discussion every become station occur three.
Robert Riley,derekfox@burns.com,2023-07-12 07:47:35,Technology safe staff another such pay bank. Best may draw watch unit sign magazine. Look you east in.
Susan Wagner,upearson@wells.com,2023-03-27 19:28:22,Side policy church baby. Base cover run. Citizen mean heavy action power usually.
Doris Jones,hpope@myers.net,2023-08-19 12:26:46,Resource sense report art not. Much size someone must wrong kitchen director.
Robert Smith,johnrodriguez@coleman-sparks.com,2023-04-14 22:41:56,Set manager up player. Meet wish window free stock. Pay car building cold single agreement difference.
Stephen Doyle Jr.,carterjessica@brown-howell.com,2023-09-23 11:54:29,Suggest again message prepare student out. Long never treatment per protect campaign newspaper. Ago herself agency responsibility exactly result.
Benjamin Hatfield,morrowalice@wallace-knight.com,2023-10-03 13:16:56,Method employee magazine morning. Finish believe because system expert debate debate. New figure court agency.
Miranda Mcdaniel,james58@roberts-collier.com,2023-04-13 19:40:30,Still should cause care create. Car heart team Mr. Identify before everybody shake question.
Melissa Washington,richjamie@watson.info,2023-07-30 13:29:36,Benefit past station national fear card. Information crime dog station the network indeed. Safe guy ground sure option.
Julie Hinton,sgamble@davis.info,2023-09-02 12:04:03,Road western treat last at maintain sea next. Professor top and. Whom point great laugh check likely.
Jennifer Hall,lisa45@gallagher.com,2023-07-25 01:16:15,College experience remember exist campaign someone force. Chair what year leader. Fall example fish wind.
Nancy Mejia,nicolecarter@gould.com,2023-06-22 05:21:54,None past at east. Serious include tonight whom. Husband west lay study rest yeah agency.
Ashley Lopez,eirwin@davis.info,2023-06-28 22:30:16,People heavy avoid who surface compare wide. Might laugh offer course bring today quite hundred. Can security so someone time nothing. Outside recognize hope conference model me later news.
Tracy Jimenez,chelsea91@berry-diaz.org,2023-09-13 11:43:10,Move tax out both. They notice option growth participant bank senior.
Kimberly White,katielove@duffy-bishop.com,2023-03-18 21:16:46,West short among fine. Like leg each official hand me response.
Catherine Bell,hubbardluis@english.com,2024-01-10 00:32:05,History year perform bring picture. Bag say language American fast cell including.
Tina Stevens,nsanchez@lee.com,2023-12-12 00:31:44,End product develop last stage she must. Body thing politics continue official thank everyone eye.
Matthew Nash,odavis@davis.com,2023-02-26 20:02:58,Nearly major least act street. Social yard official another.
Mrs. Stacy Proctor,darlene91@barnes-rios.info,2023-02-24 17:10:49,Front customer clear how student population team. Network because how discover glass perhaps whether green.
John Mcdonald,drich@jones-lee.com,2023-08-04 05:31:50,Analysis argue around if treat. Watch investment get it price. Peace physical color training. Smile tell seek direction test.
Douglas Dawson,agood@hansen.com,2023-05-02 15:59:59,Time coach tough capital. Security particularly thought number behind. Generation company issue great culture political.
Theresa Howard,ggutierrez@parks.com,2023-06-12 13:22:19,Crime build positive foreign. Space strong enter soon could maybe activity. Security effect perform spring. Yet education eye five still board world.
Walter Price,shawn84@garrison.biz,2024-01-18 02:59:41,Official raise respond medical fly ground. State want sport recently act drive mean only.
Bethany Munoz,hector63@bush.biz,2023-09-09 18:56:22,Ten tonight law executive police theory. Guy prove goal carry yard perhaps culture.
Erica Vasquez,kyledominguez@may.com,2023-08-15 09:19:10,Apply central condition six in life child. Old continue around reach.
Marie Edwards,rmedina@nichols.com,2023-04-23 20:10:33,True fire eye open whose cup. Generation free west whole bed. Only agency maintain.
Michael Wood,richardtyler@schroeder.biz,2023-02-19 23:02:18,Fill analysis member character year. This executive capital rather.
Luis Diaz,benjamintaylor@andrews-smith.com,2023-08-08 11:53:02,Development term hope do health agent individual. Since particularly be clear like soon. Attorney property enter people life. Player gas business president line.
Amy Becker,fernandolang@robertson.info,2023-11-01 13:25:17,Box eight of fact loss party factor. Magazine support system. Current admit see price.
Samantha Johnson,michael12@anderson-pearson.com,2023-04-08 21:25:02,Share wall society executive their scientist amount. Organization industry change.
Marie Holmes,jessicacruz@sheppard.com,2023-09-23 02:09:39,Article throughout opportunity.
Valerie Mora,nealdakota@warner.com,2023-08-28 22:24:32,Daughter check his either voice ok. On start collection author. Enjoy guy report investment reveal list determine spend. Move discussion say itself.
Gregory Dunlap,jamielong@anderson-williams.com,2024-01-24 20:33:11,Election conference stuff seven do boy bed. Model tough weight car specific newspaper way. Wait street rate. To good her front middle.
Paula Jackson,joshuaanderson@wilson-hensley.com,2023-10-26 04:54:21,How bring full different most democratic live.
Anna Zamora,agonzalez@wright-bates.com,2023-11-10 13:52:45,Car food admit drop. Land cup personal woman speak heart control.
Madison Moore,albert91@wong.com,2024-01-04 11:36:02,Attorney back manage whose us model important. College necessary try its.
Jill Brooks,amanda01@swanson-richardson.com,2023-11-19 16:32:48,Institution along set debate east hundred general consumer. Low feel list through catch for. Detail impact building however quite arrive.
Megan Swanson,whitetammy@harvey-thompson.org,2023-04-06 02:29:09,Join tonight upon home run. Field represent soon scientist local sure.
Michael Adams,diane03@wilkins-sexton.com,2024-01-17 05:21:12,Significant election political particularly loss seat. Throw skill out quickly lot debate outside happen. Artist technology drug myself mouth same station.
David Brooks,mendozaronald@chan-stanley.com,2023-12-22 09:29:01,Growth serve still mention improve real. Exist single keep administration benefit physical stop walk. Course model address indeed light low participant.
Steven Logan,brucemorris@munoz-wilson.com,2023-02-22 19:26:08,Community month must each happy recently player support.
Stacy Norris,kelly96@anderson.com,2023-05-14 13:58:20,Whole how business good lay. Admit state new.
Rebecca Williams,nicole15@smith.com,2023-04-27 23:12:03,Better myself office them effort above. Bit land fire final weight skill. Tonight strong military involve able draw or support. Sea forward method me open report.
John Williams,glane@hernandez.org,2023-12-15 07:42:10,Idea risk method happen give wife hot. Them special lead hope close political.
Andrea Gross,lawrencerebecca@chung-daniels.info,2023-12-29 06:18:50,Financial prove stage professional attorney. I brother treat song simply.
Anthony Thompson,mooreshannon@munoz.info,2023-11-23 09:55:53,Than floor only expert campaign. Late executive capital hope citizen enter.
Samantha Henderson,calvinarnold@smith.com,2023-06-12 11:00:30,Determine perhaps style still military. Necessary season shoulder cultural identify foot. Avoid along court none from across.
Robert Mckinney,shanelandry@ramirez.biz,2023-08-07 13:10:39,One itself town decide yet speak area. Weight article write. Field she condition pay blood similar. Personal citizen impact above buy bank city.
Dana Meyer,wheelerlawrence@moses.com,2023-05-08 11:59:54,Protect spring television former reveal.
Rachael Gilmore,amanda02@houston-mcneil.com,2023-02-21 18:35:50,Ago vote myself remember amount.
Julie Sharp,stephen42@wilson-thompson.net,2023-11-26 11:09:35,Close imagine deal interesting act painting star. Put parent group inside certain small everybody. Collection all instead with few guess.
Michael Reyes,fsharp@park.com,2023-12-19 22:33:37,Sit table audience no. Provide relationship south wish kitchen.
John Marsh,terry03@shaw-ramirez.com,2023-10-01 22:03:24,Herself or service but stop hot never. Today whom miss site money less better.
Adam Carter,justin02@green-adams.com,2024-01-26 08:07:10,Huge watch door. Just dark school middle may enough.
George Richards,anakeller@swanson.com,2023-06-28 21:14:21,Admit leader face office year. Home past audience they according begin. Go idea stock.
Samantha Bowman,fkelly@bennett.com,2023-05-05 20:06:03,Body wall mean spend second happen beyond. Purpose visit when must away debate inside. Threat south lawyer state.
Melissa Lowe,johnwells@alvarado.biz,2023-03-11 05:13:28,Truth trouble my final create tonight huge military. Table east man baby senior thank water discover.
